[
  {
    "path": "plugin://plugin.Tool-KODIVN/?mode=maint&name=backup",
    "label": "..",
    "folder": "?mode=maint&name=backup",
    "time": "26/11/2025 - 13:58"
  },
  {
    "path": "plugin://plugin.Tool-KODIVN/?mode=maint&name=backuprestore",
    "label": "..",
    "folder": "?mode=maint&name=backuprestore",
    "time": "26/11/2025 - 13:58"
  },
  {
    "path": "plugin://plugin.Tool-KODIVN/",
    "label": "[COLOR white][B][COLOR yellow]SAO LƯU & KHÔI PHỤC[/COLOR][/B] [/COLOR]",
    "folder": "plugin://plugin.Tool-KODIVN/",
    "time": "26/11/2025 - 13:58"
  },
  {
    "path": "plugin://plugin.Tool-KODIVN/?mode=maint",
    "label": "[COLOR white]Dọn Dẹp Hệ Thống[/COLOR]",
    "folder": "?mode=maint",
    "time": "26/11/2025 - 13:58"
  },
  {
    "path": "plugin://plugin.Tool-KODIVN/?mode=maint&name=clean",
    "label": "[COLOR white]Dọn Dẹp Tất Cả: [COLOR springgreen][B]2.84 MB[/B][/COLOR][/COLOR]",
    "folder": "?mode=maint&name=clean",
    "time": "26/11/2025 - 13:58"
  },
  {
    "path": "plugin://",
    "label": "ThapCam",
    "folder": "plugin://",
    "time": "26/11/2025 - 13:57"
  },
  {
    "path": "addons://",
    "label": "Tiện ích của tôi",
    "folder": "addons://",
    "time": "26/11/2025 - 10:06"
  },
  {
    "path": "addons://user/",
    "label": "Tất cả",
    "folder": "addons://user/",
    "time": "26/11/2025 - 10:06"
  },
  {
    "path": "addons://user/all",
    "label": "AVDB",
    "folder": "all",
    "time": "26/11/2025 - 10:06"
  },
  {
    "path": "addons://dependencies/",
    "label": "idna",
    "folder": "addons://dependencies/",
    "time": "26/11/2025 - 10:05"
  },
  {
    "path": "script://",
    "label": "Backup",
    "folder": "script://",
    "time": "26/11/2025 - 09:55"
  },
  {
    "path": "androidapp://sources/apps/",
    "label": "Set Orientation",
    "folder": "androidapp://sources/apps/",
    "time": "26/11/2025 - 09:53"
  },
  {
    "path": "plugin://plugin.Tool-KODIVN/?mode=advanced_settings",
    "label": "..",
    "folder": "?mode=advanced_settings",
    "time": "26/11/2025 - 09:49"
  },
  {
    "path": "plugin://plugin.video.thapcam/",
    "label": "plugin://plugin.video.thapcam/",
    "folder": "plugin://plugin.video.thapcam/",
    "time": "26/11/2025 - 08:44"
  },
  {
    "path": "plugin://plugin.video.phim4k/?action=phim4k_list_countries",
    "label": "..",
    "folder": "?action=phim4k_list_countries",
    "time": "26/11/2025 - 08:44"
  },
  {
    "path": "plugin://plugin.video.phim4k/",
    "label": "Quốc gia (Countries)",
    "folder": "plugin://plugin.video.phim4k/",
    "time": "26/11/2025 - 08:44"
  },
  {
    "path": "plugin://plugin.video.phim4k/?action=phim4k_list_genres",
    "label": "..",
    "folder": "?action=phim4k_list_genres",
    "time": "26/11/2025 - 08:44"
  },
  {
    "path": "plugin://plugin.video.phim4k/?action=phim4k_listing&type=tvseries",
    "label": "..",
    "folder": "?action=phim4k_listing&type=tvseries",
    "time": "26/11/2025 - 08:44"
  },
  {
    "path": "plugin://plugin.video.phim4k/?action=phim4k_listing&type=movies",
    "label": "..",
    "folder": "?action=phim4k_listing&type=movies",
    "time": "26/11/2025 - 08:44"
  },
  {
    "path": "plugin://plugin.video.cineflow/",
    "label": "plugin://plugin.video.cineflow/",
    "folder": "plugin://plugin.video.cineflow/",
    "time": "26/11/2025 - 08:44"
  },
  {
    "path": "plugin://plugin.video.monplay/",
    "label": "plugin://plugin.video.monplay/",
    "folder": "plugin://plugin.video.monplay/",
    "time": "26/11/2025 - 08:43"
  },
  {
    "path": "plugin://plugin.video.iptvjson/",
    "label": "💥 Phim Hành Động",
    "folder": "plugin://plugin.video.iptvjson/",
    "time": "26/11/2025 - 08:43"
  },
  {
    "path": "plugin://plugin.video.iptvjson/?action=open_group&g=4",
    "label": "..",
    "folder": "?action=open_group&g=4",
    "time": "26/11/2025 - 08:43"
  },
  {
    "path": "plugin://plugin.video.iptvjson/?action=open_group&g=3",
    "label": "..",
    "folder": "?action=open_group&g=3",
    "time": "26/11/2025 - 08:43"
  },
  {
    "path": "plugin://plugin.video.iptvjson/?action=open_group&g=2",
    "label": "..",
    "folder": "?action=open_group&g=2",
    "time": "26/11/2025 - 08:43"
  },
  {
    "path": "plugin://plugin.video.iptvjson/?action=open_group&g=1",
    "label": "IT: Chào Mừng Tới Derry (Phần 1)",
    "folder": "?action=open_group&g=1",
    "time": "26/11/2025 - 08:43"
  },
  {
    "path": "plugin://plugin.video.cumination/",
    "label": "[COLOR white]Sites[/COLOR]",
    "folder": "plugin://plugin.video.cumination/",
    "time": "26/11/2025 - 08:42"
  },
  {
    "path": "plugin://plugin.video.cumination/?channel=None&keyword&mode=main.site_list&name=%5bCOLOR%20white%5dSites%5b%2fCOLOR%5d&page&section=None&url",
    "label": "..",
    "folder": "?channel=None&keyword&mode=main.site_list&name=%5bCOLOR%20white%5dSites%5b%2fCOLOR%5d&page&section=None&url",
    "time": "26/11/2025 - 08:42"
  },
  {
    "path": "plugin://plugin.video.animehay/",
    "label": "plugin://plugin.video.animehay/",
    "folder": "plugin://plugin.video.animehay/",
    "time": "26/11/2025 - 08:41"
  },
  {
    "path": "plugin://plugin.video.avdb/",
    "label": "Uncensored Leaked",
    "folder": "plugin://plugin.video.avdb/",
    "time": "26/11/2025 - 08:40"
  },
  {
    "path": "plugin://plugin.video.avdb/?mode=ds_avdb&p=1&url=https%3a%2f%2favdbapi.com%2fapi.php%2fprovide%2fvod%2f%3fac%3ddetail",
    "label": "[COLOR yellow]full[/COLOR] [COLOR red]VIP #1[/COLOR] FC2-PPV-1043861 ABP-646 Spokosu Sweat SEX 4 Production! Athletic Union Marya and Ai-on act.11 Athletic wear habit x super model BODY",
    "folder": "?mode=ds_avdb&p=1&url=https%3a%2f%2favdbapi.com%2fapi.php%2fprovide%2fvod%2f%3fac%3ddetail",
    "time": "26/11/2025 - 08:39"
  },
  {
    "path": "plugin://plugin.video.avdb/?mode=ds_avdb&p=1&url=https%3a%2f%2favdbapi.com%2fapi.php%2fprovide%2fvod%2f%3fac%3ddetail%26t%3d1",
    "label": "[COLOR yellow]full[/COLOR] [COLOR red]VIP #1[/COLOR] PYU-092 I got to penetrate the asshole of a high school girl who is very interested in anal sex! Madoka Ogawa",
    "folder": "?mode=ds_avdb&p=1&url=https%3a%2f%2favdbapi.com%2fapi.php%2fprovide%2fvod%2f%3fac%3ddetail%26t%3d1",
    "time": "26/11/2025 - 08:39"
  },
  {
    "path": "library://video/",
    "label": "Tập tin",
    "folder": "library://video/",
    "time": "26/11/2025 - 08:36"
  },
  {
    "path": "https://",
    "label": "Ddns",
    "folder": "https://",
    "time": "26/11/2025 - 08:29"
  },
  {
    "path": "addons://all/",
    "label": "Bộ giải mã hình ảnh",
    "folder": "addons://all/",
    "time": "26/11/2025 - 07:48"
  },
  {
    "path": "addons://downloading/",
    "label": "..",
    "folder": "addons://downloading/",
    "time": "26/11/2025 - 07:48"
  },
  {
    "path": "plugin://plugin.program.autocompletion/",
    "label": "thåström",
    "folder": "plugin://plugin.program.autocompletion/",
    "time": "26/11/2025 - 07:43"
  },
  {
    "path": "addons://running/",
    "label": "Backup",
    "folder": "addons://running/",
    "time": "26/11/2025 - 07:41"
  },
  {
    "path": "addons://repos/",
    "label": "..",
    "folder": "addons://repos/",
    "time": "26/11/2025 - 07:40"
  },
  {
    "path": "https://cdn4.turboviplay.com/data1/6924911c549d4",
    "label": "6924911c549d4",
    "folder": "6924911c549d4",
    "time": "26/11/2025 - 06:54"
  },
  {
    "path": "plugin://plugin.video.cumination/?channel=None&keyword&mode=javgg.Main&name=%5bCOLOR%20hotpink%5dJavGG%5b%2fCOLOR%5d&page=None&section=None&url=https%3a%2f%2fjavgg.co%2f",
    "label": "SDAM-153",
    "folder": "?channel=None&keyword&mode=javgg.Main&name=%5bCOLOR%20hotpink%5dJavGG%5b%2fCOLOR%5d&page=None&section=None&url=https%3a%2f%2fjavgg.co%2f",
    "time": "26/11/2025 - 06:53"
  },
  {
    "path": "addons://repository.thecrew/",
    "label": "Tiện ích video",
    "folder": "addons://repository.thecrew/",
    "time": "26/11/2025 - 06:40"
  },
  {
    "path": "addons://repository.thecrew/xbmc.addon.video",
    "label": "Cumination",
    "folder": "xbmc.addon.video",
    "time": "26/11/2025 - 06:39"
  },
  {
    "path": "sources://video/",
    "label": "..",
    "folder": "sources://video/",
    "time": "26/11/2025 - 06:39"
  },
  {
    "path": "https://kodi.ddns.vn/",
    "label": "skin",
    "folder": "https://kodi.ddns.vn/",
    "time": "26/11/2025 - 06:34"
  },
  {
    "path": "https://kodi.ddns.vn/skin/",
    "label": "skin.scope.nox.1.9.zip",
    "folder": "https://kodi.ddns.vn/skin/",
    "time": "26/11/2025 - 06:34"
  },
  {
    "path": "/storage/emulated/",
    "label": "Lưu trữ ngoài",
    "folder": "/storage/emulated/",
    "time": "26/11/2025 - 06:21"
  },
  {
    "path": "androidapp://sources/",
    "label": "Ứng dụng android",
    "folder": "androidapp://sources/",
    "time": "26/11/2025 - 06:15"
  },
  {
    "path": "addons://sources/",
    "label": "Tiện ích chương trình",
    "folder": "addons://sources/",
    "time": "26/11/2025 - 06:15"
  },
  {
    "path": "/storage/emulated/0/Documents/",
    "label": "BACKUP_KODI_PHAP_FERRARI",
    "folder": "/storage/emulated/0/Documents/",
    "time": "26/11/2025 - 06:15"
  }
]