<?xml version="1.0" encoding="UTF-8" standalone="yes"?>
<addon id="testid" name="tempname" version="testversion" provider-name="tempprovider">
    <requires>
        <import addon="xbmc.python" version="2.1.0"/>
    </requires>
    <extension point="xbmc.python.pluginsource" library="default.py">
        <provides>testprovides</provides>
    </extension>
    <extension point="xbmc.addon.metadata">
        <description>Nếu bạn thấy thông báo này, điều đó có nghĩa là tiện ích bổ sung vẫn đang cập nhật, vui lòng đợi quá trình cập nhật hoàn tất.</description>
    </extension>
</addon>