<profiles>
    <lastloaded>0</lastloaded>
    <useloginscreen>false</useloginscreen>
    <autologin>0</autologin>
    <nextIdProfile>1</nextIdProfile>
    <profile>
        <id>0</id>
        <name>Thăng</name>
        <directory pathversion="1">special://masterprofile/</directory>
        <thumbnail pathversion="1"></thumbnail>
        <hasdatabases>true</hasdatabases>
        <canwritedatabases>true</canwritedatabases>
        <hassources>true</hassources>
        <canwritesources>true</canwritesources>
        <lockaddonmanager>false</lockaddonmanager>
        <locksettings>0</locksettings>
        <lockfiles>false</lockfiles>
        <lockmusic>false</lockmusic>
        <lockvideo>false</lockvideo>
        <lockpictures>false</lockpictures>
        <lockprograms>false</lockprograms>
        <lockgames>false</lockgames>
        <lockmode>0</lockmode>
        <lockcode>-</lockcode>
        <lastdate></lastdate>
    </profile>
</profiles>
