<decoderfilter>
    <filter>
        <name>OMX.amlogic.audio.decoder.ac3</name>
        <allowed>true</allowed>
        <stills-allowed>false</stills-allowed>
        <dvd-allowed>true</dvd-allowed>
        <min-height>0</min-height>
    </filter>
    <filter>
        <name>OMX.amlogic.audio.decoder.dtshd</name>
        <allowed>true</allowed>
        <stills-allowed>false</stills-allowed>
        <dvd-allowed>true</dvd-allowed>
        <min-height>0</min-height>
    </filter>
    <filter>
        <name>OMX.amlogic.audio.decoder.eac3</name>
        <allowed>true</allowed>
        <stills-allowed>false</stills-allowed>
        <dvd-allowed>true</dvd-allowed>
        <min-height>0</min-height>
    </filter>
    <filter>
        <name>OMX.amlogic.audio.decoder.ffmpeg</name>
        <allowed>true</allowed>
        <stills-allowed>false</stills-allowed>
        <dvd-allowed>true</dvd-allowed>
        <min-height>0</min-height>
    </filter>
    <filter>
        <name>OMX.amlogic.avc.decoder.awesome</name>
        <allowed>true</allowed>
        <stills-allowed>false</stills-allowed>
        <dvd-allowed>true</dvd-allowed>
        <min-height>0</min-height>
    </filter>
    <filter>
        <name>OMX.amlogic.avs.decoder.awesome</name>
        <allowed>true</allowed>
        <stills-allowed>false</stills-allowed>
        <dvd-allowed>true</dvd-allowed>
        <min-height>0</min-height>
    </filter>
    <filter>
        <name>OMX.amlogic.h263.decoder.awesome</name>
        <allowed>true</allowed>
        <stills-allowed>false</stills-allowed>
        <dvd-allowed>true</dvd-allowed>
        <min-height>720</min-height>
    </filter>
    <filter>
        <name>OMX.amlogic.hevc.decoder.awesome</name>
        <allowed>true</allowed>
        <stills-allowed>false</stills-allowed>
        <dvd-allowed>true</dvd-allowed>
        <min-height>0</min-height>
    </filter>
    <filter>
        <name>OMX.amlogic.mjpeg.decoder.awesome</name>
        <allowed>true</allowed>
        <stills-allowed>false</stills-allowed>
        <dvd-allowed>true</dvd-allowed>
        <min-height>0</min-height>
    </filter>
    <filter>
        <name>OMX.amlogic.mpeg2.decoder.awesome</name>
        <allowed>true</allowed>
        <stills-allowed>false</stills-allowed>
        <dvd-allowed>true</dvd-allowed>
        <min-height>720</min-height>
    </filter>
    <filter>
        <name>OMX.amlogic.mpeg4.decoder.awesome</name>
        <allowed>true</allowed>
        <stills-allowed>false</stills-allowed>
        <dvd-allowed>true</dvd-allowed>
        <min-height>720</min-height>
    </filter>
    <filter>
        <name>OMX.amlogic.mswmv3.decoder.awesome</name>
        <allowed>true</allowed>
        <stills-allowed>false</stills-allowed>
        <dvd-allowed>true</dvd-allowed>
        <min-height>0</min-height>
    </filter>
    <filter>
        <name>OMX.amlogic.rm10.decoder.sw</name>
        <allowed>true</allowed>
        <stills-allowed>false</stills-allowed>
        <dvd-allowed>true</dvd-allowed>
        <min-height>0</min-height>
    </filter>
    <filter>
        <name>OMX.amlogic.rm20.decoder.sw</name>
        <allowed>true</allowed>
        <stills-allowed>false</stills-allowed>
        <dvd-allowed>true</dvd-allowed>
        <min-height>0</min-height>
    </filter>
    <filter>
        <name>OMX.amlogic.rm30.decoder.sw</name>
        <allowed>true</allowed>
        <stills-allowed>false</stills-allowed>
        <dvd-allowed>true</dvd-allowed>
        <min-height>0</min-height>
    </filter>
    <filter>
        <name>OMX.amlogic.rm40.decoder.sw</name>
        <allowed>true</allowed>
        <stills-allowed>false</stills-allowed>
        <dvd-allowed>true</dvd-allowed>
        <min-height>0</min-height>
    </filter>
    <filter>
        <name>OMX.amlogic.vc1.decoder.awesome</name>
        <allowed>true</allowed>
        <stills-allowed>false</stills-allowed>
        <dvd-allowed>true</dvd-allowed>
        <min-height>0</min-height>
    </filter>
    <filter>
        <name>OMX.amlogic.vp6a.decoder.sw</name>
        <allowed>true</allowed>
        <stills-allowed>false</stills-allowed>
        <dvd-allowed>true</dvd-allowed>
        <min-height>0</min-height>
    </filter>
    <filter>
        <name>OMX.amlogic.vp6f.decoder.sw</name>
        <allowed>true</allowed>
        <stills-allowed>false</stills-allowed>
        <dvd-allowed>true</dvd-allowed>
        <min-height>0</min-height>
    </filter>
    <filter>
        <name>OMX.amlogic.vp8.decoder.sw</name>
        <allowed>true</allowed>
        <stills-allowed>false</stills-allowed>
        <dvd-allowed>true</dvd-allowed>
        <min-height>0</min-height>
    </filter>
    <filter>
        <name>OMX.amlogic.vp9.decoder.awesome</name>
        <allowed>true</allowed>
        <stills-allowed>false</stills-allowed>
        <dvd-allowed>true</dvd-allowed>
        <min-height>0</min-height>
    </filter>
    <filter>
        <name>OMX.amlogic.wmv1.decoder.sw</name>
        <allowed>true</allowed>
        <stills-allowed>false</stills-allowed>
        <dvd-allowed>true</dvd-allowed>
        <min-height>0</min-height>
    </filter>
    <filter>
        <name>OMX.amlogic.wmv2.decoder.sw</name>
        <allowed>true</allowed>
        <stills-allowed>false</stills-allowed>
        <dvd-allowed>true</dvd-allowed>
        <min-height>0</min-height>
    </filter>
    <filter>
        <name>OMX.amlogic.wmv3.decoder.awesome</name>
        <allowed>true</allowed>
        <stills-allowed>false</stills-allowed>
        <dvd-allowed>true</dvd-allowed>
        <min-height>0</min-height>
    </filter>
    <filter>
        <name>OMX.amlogic.wvc1.decoder.awesome</name>
        <allowed>true</allowed>
        <stills-allowed>false</stills-allowed>
        <dvd-allowed>true</dvd-allowed>
        <min-height>0</min-height>
    </filter>
    <filter>
        <name>OMX.google.aac.decoder</name>
        <allowed>false</allowed>
        <stills-allowed>false</stills-allowed>
        <dvd-allowed>false</dvd-allowed>
        <min-height>0</min-height>
    </filter>
    <filter>
        <name>OMX.google.amrnb.decoder</name>
        <allowed>false</allowed>
        <stills-allowed>false</stills-allowed>
        <dvd-allowed>false</dvd-allowed>
        <min-height>0</min-height>
    </filter>
    <filter>
        <name>OMX.google.amrwb.decoder</name>
        <allowed>false</allowed>
        <stills-allowed>false</stills-allowed>
        <dvd-allowed>false</dvd-allowed>
        <min-height>0</min-height>
    </filter>
    <filter>
        <name>OMX.google.flac.decoder</name>
        <allowed>false</allowed>
        <stills-allowed>false</stills-allowed>
        <dvd-allowed>false</dvd-allowed>
        <min-height>0</min-height>
    </filter>
    <filter>
        <name>OMX.google.g711.alaw.decoder</name>
        <allowed>false</allowed>
        <stills-allowed>false</stills-allowed>
        <dvd-allowed>false</dvd-allowed>
        <min-height>0</min-height>
    </filter>
    <filter>
        <name>OMX.google.g711.mlaw.decoder</name>
        <allowed>false</allowed>
        <stills-allowed>false</stills-allowed>
        <dvd-allowed>false</dvd-allowed>
        <min-height>0</min-height>
    </filter>
    <filter>
        <name>OMX.google.h263.decoder</name>
        <allowed>false</allowed>
        <stills-allowed>false</stills-allowed>
        <dvd-allowed>false</dvd-allowed>
        <min-height>720</min-height>
    </filter>
    <filter>
        <name>OMX.google.h264.decoder</name>
        <allowed>false</allowed>
        <stills-allowed>false</stills-allowed>
        <dvd-allowed>false</dvd-allowed>
        <min-height>0</min-height>
    </filter>
    <filter>
        <name>OMX.google.hevc.decoder</name>
        <allowed>false</allowed>
        <stills-allowed>false</stills-allowed>
        <dvd-allowed>false</dvd-allowed>
        <min-height>0</min-height>
    </filter>
    <filter>
        <name>OMX.google.mp3.decoder</name>
        <allowed>false</allowed>
        <stills-allowed>false</stills-allowed>
        <dvd-allowed>false</dvd-allowed>
        <min-height>0</min-height>
    </filter>
    <filter>
        <name>OMX.google.mpeg4.decoder</name>
        <allowed>false</allowed>
        <stills-allowed>false</stills-allowed>
        <dvd-allowed>false</dvd-allowed>
        <min-height>720</min-height>
    </filter>
    <filter>
        <name>OMX.google.opus.decoder</name>
        <allowed>false</allowed>
        <stills-allowed>false</stills-allowed>
        <dvd-allowed>false</dvd-allowed>
        <min-height>0</min-height>
    </filter>
    <filter>
        <name>OMX.google.raw.decoder</name>
        <allowed>false</allowed>
        <stills-allowed>false</stills-allowed>
        <dvd-allowed>false</dvd-allowed>
        <min-height>0</min-height>
    </filter>
    <filter>
        <name>OMX.google.vorbis.decoder</name>
        <allowed>false</allowed>
        <stills-allowed>false</stills-allowed>
        <dvd-allowed>false</dvd-allowed>
        <min-height>0</min-height>
    </filter>
    <filter>
        <name>OMX.google.vp8.decoder</name>
        <allowed>false</allowed>
        <stills-allowed>false</stills-allowed>
        <dvd-allowed>false</dvd-allowed>
        <min-height>0</min-height>
    </filter>
    <filter>
        <name>OMX.google.vp9.decoder</name>
        <allowed>false</allowed>
        <stills-allowed>false</stills-allowed>
        <dvd-allowed>false</dvd-allowed>
        <min-height>0</min-height>
    </filter>
</decoderfilter>
