<sources>
    <programs>
        <default pathversion="1"></default>
    </programs>
    <video>
        <default pathversion="1"></default>
    </video>
    <music>
        <default pathversion="1"></default>
    </music>
    <pictures>
        <default pathversion="1"></default>
    </pictures>
    <files>
        <default pathversion="1"></default>
        <source>
            <name>Ddns</name>
            <path pathversion="1">https://kodi.ddns.vn/</path>
            <allowsharing>true</allowsharing>
        </source>
        <source>
            <name>Tool</name>
            <path pathversion="1">https://phapferrari.github.io/</path>
            <allowsharing>true</allowsharing>
        </source>
        <source>
            <name>Phim4k</name>
            <path pathversion="1">https://p4kxyz.github.io/</path>
            <allowsharing>true</allowsharing>
        </source>
        <source>
            <name>Crew</name>
            <path pathversion="1">https://team-crew.github.io/</path>
            <allowsharing>true</allowsharing>
        </source>
        <source>
            <name>Hai</name>
            <path pathversion="1">https://iptv.cameraddns.net/kodi/zips</path>
            <allowsharing>true</allowsharing>
        </source>
    </files>
    <games>
        <default pathversion="1"></default>
    </games>
</sources>
