<addon id="plugin.video.historyfolders" name="Mục Mở Gần Đây" version="1.0.12" provider-name="thangmath">
    <requires>
        <import addon="xbmc.python"/>
    </requires>

    <extension point="xbmc.python.pluginsource" library="default.py">
        <provides>executable</provides>
    </extension>

    <extension point="xbmc.service" library="service.py" start="startup"/>

    <extension point="xbmc.addon.metadata">
        <summary>Lịch Sử Mục Mở Gần Đây</summary>
        <description>Lịch sử các thư mục đã mở, hiển thị tên thư mục, số thứ tự, ngày giờ</description>
        <platform>all</platform>

        <!-- Dành cho Kodi 16–17 -->
        <icon>icon.png</icon>
        <fanart>fanart.jpg</fanart>

        <!-- Dành cho Kodi 18+ -->
        <assets>
            <icon>icon.png</icon>
            <fanart>fanart.jpg</fanart>
        </assets>
    </extension>
</addon>
