﻿<?xml version="1.0" encoding="UTF-8" standalone="yes"?>
<addon id="service.subtitles.localsubtitle"
       name="[COLOR red]Chọn Phụ Đề[/COLOR] có sẵn trong bộ nhớ"
       version="1.12.4"
       provider-name="peno">
  <requires>
      <import addon="script.module.pysubs2" version="0.1.0"/>
      <import addon="script.module.chardet" />
  </requires>
  <extension point="xbmc.subtitle.module"
             library="service.py" />
  <extension point="xbmc.addon.metadata">
    <summary lang="en">LocalSubtitle</summary>
    <description lang="en">Đây là một addon phụ đề cho Kodi, dùng để áp dụng phụ đề cục bộ (local subtitle) cho video đang phát.
Kodi vốn có tính năng chọn phụ đề cục bộ qua mục “Duyệt phụ đề...” (Browse for subtitle...), nhưng đôi khi tính năng đó bị lỗi (treo), vì vậy addon này được tạo ra để khắc phục.

Addon này được mở thông qua tùy chọn “Tải phụ đề” (Download subtitle) giống như các addon phụ đề khác.</description>
    <disclaimer lang="en"></disclaimer>
    <platform>all</platform>
    <license>GNU GENERAL PUBLIC LICENSE. Version 2, June 1991</license>
    <source>https://github.com/peno64/service.subtitles.localsubtitle</source>
	<assets>
	    <icon>icon.png</icon>
	</assets>	
  </extension>
</addon>
