<?xml version="1.0" encoding="UTF-8"?>
<buttonmap>
    <device name="PixArt OpticalMouse" provider="android" vid="093A" pid="2533" buttoncount="9" axiscount="1">
        <configuration/>
        <controller id="game.controller.default">
            <feature name="a" button="7"/>
            <feature name="back" button="0"/>
            <feature name="down" button="5"/>
            <feature name="guide" button="2"/>
            <feature name="left" button="6"/>
            <feature name="right" button="4"/>
            <feature name="start" button="1"/>
            <feature name="up" button="3"/>
        </controller>
    </device>
</buttonmap>
